"group","step","threshold","reconstruction","completion_acc","completion_ppl","actual_latent_per_byte","soft_latent_per_byte","chunks_per_byte"
"p4_a_no_memory","3000","0.3","0.8454132080078125","0.11990215443074703","47.88927174387058","0.99981689453125","0.7270415350794792","0.0625"
"p4_a_no_memory","3000","0.4","0.843231201171875","0.12106610741466284","47.143537346608625","0.995147705078125","0.7270415350794792","0.0625"
"p4_a_no_memory","3000","0.5","0.822174072265625","0.1302699283696711","41.34999080034166","0.9606170654296875","0.7270415350794792","0.0625"
"p4_a_no_memory","3000","0.6","0.7674407958984375","0.13619999028742313","40.64630883260519","0.8721771240234375","0.7270415350794792","0.0625"
"p4_a_no_memory","3000","0.7","0.6530609130859375","0.1322030248120427","48.08984488560526","0.596832275390625","0.7270415350794792","0.0625"
"p4_a_no_memory","6000","0.3","0.9113616943359375","0.12495441269129515","40.25446991847704","0.9998321533203125","0.6660676337778568","0.0625457763671875"
"p4_a_no_memory","6000","0.4","0.9113006591796875","0.1263076509349048","39.816874761683685","0.989013671875","0.6660676337778568","0.0625457763671875"
"p4_a_no_memory","6000","0.5","0.9072723388671875","0.1302392315119505","37.41431721440288","0.9027252197265625","0.6660676337778568","0.0625457763671875"
"p4_a_no_memory","6000","0.6","0.8470001220703125","0.12968196626752615","39.17031496959161","0.6455230712890625","0.6660676337778568","0.0625457763671875"
"p4_a_no_memory","6000","0.7","0.6432037353515625","0.11979400552809238","52.35344470965756","0.3672027587890625","0.6660676337778568","0.0625457763671875"
"p4_a_no_memory","9000","0.3","0.8793792724609375","0.12085233582183719","43.62596163553234","0.9127655029296875","0.5895692631602287","0.062957763671875"
"p4_a_no_memory","9000","0.4","0.8561859130859375","0.1285812766291201","38.962140926892346","0.823883056640625","0.5895692631602287","0.062957763671875"
"p4_a_no_memory","9000","0.5","0.8199615478515625","0.13419635500758886","37.71219884314229","0.6005706787109375","0.5895692631602287","0.062957763671875"
"p4_a_no_memory","9000","0.6","0.7755584716796875","0.13586988067254424","37.99875265184337","0.45831298828125","0.5895692631602287","0.062957763671875"
"p4_a_no_memory","9000","0.7","0.71661376953125","0.13367531402036548","39.46970610805005","0.3307342529296875","0.5895692631602287","0.062957763671875"
"p4_a_no_memory","12000","0.3","0.9623870849609375","0.1315804054029286","39.091051135781","0.94708251953125","0.6375377401709557","0.062530517578125"
"p4_a_no_memory","12000","0.4","0.9527740478515625","0.1354757472872734","36.020802203087655","0.8770294189453125","0.6375377401709557","0.062530517578125"
"p4_a_no_memory","12000","0.5","0.9369354248046875","0.13980214996263385","34.49340654787926","0.7435150146484375","0.6375377401709557","0.062530517578125"
"p4_a_no_memory","12000","0.6","0.9129638671875","0.13958186842501163","34.916749913914686","0.563262939453125","0.6375377401709557","0.062530517578125"
"p4_a_no_memory","12000","0.7","0.8618316650390625","0.13605451816692948","37.84029958135595","0.389739990234375","0.6375377401709557","0.062530517578125"
"p4_a_no_memory","15000","0.3","0.86322021484375","0.11656405706889927","46.72543704142762","0.553192138671875","0.42717291973531246","0.063507080078125"
"p4_a_no_memory","15000","0.4","0.8511810302734375","0.12227986799553037","43.6510072065589","0.472412109375","0.42717291973531246","0.063507080078125"
"p4_a_no_memory","15000","0.5","0.8370513916015625","0.12257848377339542","41.87054090689091","0.3891448974609375","0.42717291973531246","0.063507080078125"
"p4_a_no_memory","15000","0.6","0.8118896484375","0.12191801005974412","43.23503979184124","0.3259124755859375","0.42717291973531246","0.063507080078125"
"p4_a_no_memory","15000","0.7","0.7603912353515625","0.11419883114285767","49.78399293168081","0.260040283203125","0.42717291973531246","0.063507080078125"
"p4_a_no_memory","18000","0.3","0.9010467529296875","0.11874010320752859","46.631338639135166","0.588775634765625","0.44212646409869194","0.063140869140625"
"p4_a_no_memory","18000","0.4","0.8878021240234375","0.12196697667241096","44.15113182312094","0.515045166015625","0.44212646409869194","0.063140869140625"
"p4_a_no_memory","18000","0.5","0.8768768310546875","0.1243006894364953","43.539722546523635","0.46099853515625","0.44212646409869194","0.063140869140625"
"p4_a_no_memory","18000","0.6","0.8568572998046875","0.12296683946624398","44.123116015783296","0.392333984375","0.44212646409869194","0.063140869140625"
"p4_a_no_memory","18000","0.7","0.806396484375","0.12067281641066074","45.63871936882002","0.303924560546875","0.44212646409869194","0.063140869140625"
"p4_a_no_memory","20000","0.3","0.9011688232421875","0.1170137976296246","46.177305863621164","0.5893096923828125","0.445643687620759","0.0633697509765625"
"p4_a_no_memory","20000","0.4","0.889434814453125","0.12193697225302458","43.85239652076486","0.50579833984375","0.445643687620759","0.0633697509765625"
"p4_a_no_memory","20000","0.5","0.8769989013671875","0.12475644098594785","42.76439242485466","0.4321136474609375","0.445643687620759","0.0633697509765625"
"p4_a_no_memory","20000","0.6","0.855560302734375","0.12247053533792496","43.54207578023695","0.371368408203125","0.445643687620759","0.0633697509765625"
"p4_a_no_memory","20000","0.7","0.803375244140625","0.11809346498921514","45.84749951764348","0.301849365234375","0.445643687620759","0.0633697509765625"
"p4_b_other_memory_only","3000","0.3","0.9855194091796875","0.13230990106239915","41.53441791126125","0.8065185546875","0.5755777806043625","0.0625"
"p4_b_other_memory_only","3000","0.4","0.981781005859375","0.13472446566447616","40.00036740559606","0.6599578857421875","0.5755777806043625","0.0625"
"p4_b_other_memory_only","3000","0.5","0.9635162353515625","0.13525635935366154","39.65421701941718","0.546417236328125","0.5755777806043625","0.0625"
"p4_b_other_memory_only","3000","0.6","0.9067535400390625","0.13474431447684765","40.11740679498877","0.46209716796875","0.5755777806043625","0.0625"
"p4_b_other_memory_only","3000","0.7","0.825836181640625","0.1350577105768025","41.08099515587058","0.3983001708984375","0.5755777806043625","0.0625"
"p4_b_other_memory_only","6000","0.3","0.955413818359375","0.13274144241586328","37.860872689938056","0.9764556884765625","0.6322903260588646","0.06256103515625"
"p4_b_other_memory_only","6000","0.4","0.95074462890625","0.13196074636653066","36.71141430739433","0.9081268310546875","0.6322903260588646","0.06256103515625"
"p4_b_other_memory_only","6000","0.5","0.9298858642578125","0.132112683262676","36.2671958997975","0.7818756103515625","0.6322903260588646","0.06256103515625"
"p4_b_other_memory_only","6000","0.6","0.85845947265625","0.12827390478923917","37.14737442519892","0.5876617431640625","0.6322903260588646","0.06256103515625"
"p4_b_other_memory_only","6000","0.7","0.675323486328125","0.1178667638450861","41.18805516380445","0.34759521484375","0.6322903260588646","0.06256103515625"
"p4_b_other_memory_only","9000","0.3","0.8487548828125","0.11855826806277037","55.6824691523068","0.518310546875","0.4806516580283642","0.063568115234375"
"p4_b_other_memory_only","9000","0.4","0.8406219482421875","0.12011808343231678","51.726399778719305","0.4849700927734375","0.4806516580283642","0.063568115234375"
"p4_b_other_memory_only","9000","0.5","0.815216064453125","0.12005281494930387","50.275516715661205","0.4222869873046875","0.4806516580283642","0.063568115234375"
"p4_b_other_memory_only","9000","0.6","0.7512054443359375","0.1197712835855782","50.92030487223682","0.3236846923828125","0.4806516580283642","0.063568115234375"
"p4_b_other_memory_only","9000","0.7","0.6125030517578125","0.1193209383636713","51.522435141304065","0.212371826171875","0.4806516580283642","0.063568115234375"
"p4_b_other_memory_only","12000","0.3","0.93157958984375","0.11436913209035993","50.28804504058879","0.5067901611328125","0.4282493982464075","0.063201904296875"
"p4_b_other_memory_only","12000","0.4","0.927032470703125","0.11436913209035993","50.1878182918511","0.4558868408203125","0.4282493982464075","0.063201904296875"
"p4_b_other_memory_only","12000","0.5","0.904083251953125","0.1140099368058145","50.105903658763516","0.3477783203125","0.4282493982464075","0.063201904296875"
"p4_b_other_memory_only","12000","0.6","0.8040008544921875","0.11436913209035993","49.90819649371802","0.2220306396484375","0.4282493982464075","0.063201904296875"
"p4_b_other_memory_only","12000","0.7","0.5531158447265625","0.11472025560215116","50.23145524971545","0.11895751953125","0.4282493982464075","0.063201904296875"
"p4_b_other_memory_only","15000","0.3","0.9830169677734375","0.1311170980334282","37.35671436825626","0.9797821044921875","0.5779832005500793","0.062652587890625"
"p4_b_other_memory_only","15000","0.4","0.9828643798828125","0.1313181407749653","37.2818910111684","0.8562164306640625","0.5779832005500793","0.062652587890625"
"p4_b_other_memory_only","15000","0.5","0.9783477783203125","0.13125939713791013","36.92184097355701","0.65545654296875","0.5779832005500793","0.062652587890625"
"p4_b_other_memory_only","15000","0.6","0.9229583740234375","0.13111530989408493","36.751972011588194","0.40789794921875","0.5779832005500793","0.062652587890625"
"p4_b_other_memory_only","15000","0.7","0.66412353515625","0.12844891706481576","39.674803786179105","0.19622802734375","0.5779832005500793","0.062652587890625"
"p4_b_other_memory_only","18000","0.3","0.9786834716796875","0.13480556849390268","35.93053722574247","0.94366455078125","0.5577268712222576","0.062774658203125"
"p4_b_other_memory_only","18000","0.4","0.975860595703125","0.13610592763870955","35.4866897590298","0.8291015625","0.5577268712222576","0.062774658203125"
"p4_b_other_memory_only","18000","0.5","0.965057373046875","0.13733197888359427","34.980555311197804","0.658538818359375","0.5577268712222576","0.062774658203125"
"p4_b_other_memory_only","18000","0.6","0.898834228515625","0.13728963676840067","35.98069001298637","0.3647308349609375","0.5577268712222576","0.062774658203125"
"p4_b_other_memory_only","18000","0.7","0.600738525390625","0.12929465458728373","38.5010490578249","0.1256256103515625","0.5577268712222576","0.062774658203125"
"p4_b_other_memory_only","20000","0.3","0.9837188720703125","0.13472736161202192","36.524082107420135","0.918701171875","0.5326069481670856","0.0625457763671875"
"p4_b_other_memory_only","20000","0.4","0.979522705078125","0.13603534596040845","35.59073233314056","0.780364990234375","0.5326069481670856","0.0625457763671875"
"p4_b_other_memory_only","20000","0.5","0.9652252197265625","0.13718224968761206","35.35632746939376","0.580169677734375","0.5326069481670856","0.0625457763671875"
"p4_b_other_memory_only","20000","0.6","0.8655548095703125","0.13595656119287014","35.79574398840437","0.2944488525390625","0.5326069481670856","0.0625457763671875"
"p4_b_other_memory_only","20000","0.7","0.5712738037109375","0.13198443269357085","37.615716133272514","0.1124114990234375","0.5326069481670856","0.0625457763671875"
"p4_c_other_plus_current_detached","3000","0.3","0.9752349853515625","0.12025726772844791","45.42041365890371","1","0.6761824302375317","0.0625"
"p4_c_other_plus_current_detached","3000","0.4","0.9752349853515625","0.12090378534048796","45.171475412555075","0.999786376953125","0.6761824302375317","0.0625"
"p4_c_other_plus_current_detached","3000","0.5","0.9743499755859375","0.12904798984527588","41.1320701609801","0.956024169921875","0.6761824302375317","0.0625"
"p4_c_other_plus_current_detached","3000","0.6","0.9351654052734375","0.13334318809211254","40.15304647245961","0.728759765625","0.6761824302375317","0.0625"
"p4_c_other_plus_current_detached","3000","0.7","0.6955718994140625","0.1246705949306488","50.769601808332986","0.3297271728515625","0.6761824302375317","0.0625"
"p4_c_other_plus_current_detached","6000","0.3","0.8621673583984375","0.12547470536082983","39.22215579575964","0.9368896484375","0.582529716193676","0.06256103515625"
"p4_c_other_plus_current_detached","6000","0.4","0.848663330078125","0.12566575407981873","39.10051094856319","0.847015380859375","0.582529716193676","0.06256103515625"
"p4_c_other_plus_current_detached","6000","0.5","0.8187408447265625","0.12669418845325708","38.608919743116026","0.7233734130859375","0.582529716193676","0.06256103515625"
"p4_c_other_plus_current_detached","6000","0.6","0.7348480224609375","0.1273596966639161","38.8270075143692","0.4932708740234375","0.582529716193676","0.06256103515625"
"p4_c_other_plus_current_detached","6000","0.7","0.51495361328125","0.12581067625433207","39.98141327421291","0.1794586181640625","0.582529716193676","0.06256103515625"
"p4_c_other_plus_current_detached","9000","0.3","0.9041595458984375","0.12296239659190178","43.23553071487881","0.9838104248046875","0.5584260188043118","0.0626983642578125"
"p4_c_other_plus_current_detached","9000","0.4","0.892578125","0.12455509789288044","42.36644536753744","0.86749267578125","0.5584260188043118","0.0626983642578125"
"p4_c_other_plus_current_detached","9000","0.5","0.8601531982421875","0.1272563966922462","42.287741271294905","0.6525421142578125","0.5584260188043118","0.0626983642578125"
"p4_c_other_plus_current_detached","9000","0.6","0.715576171875","0.12773193093016744","42.20533743264071","0.3346405029296875","0.5584260188043118","0.0626983642578125"
"p4_c_other_plus_current_detached","9000","0.7","0.4411163330078125","0.12731300573796034","42.5730472243641","0.091400146484375","0.5584260188043118","0.0626983642578125"
"p4_c_other_plus_current_detached","12000","0.3","0.8852996826171875","0.13709365716204047","37.18166870261447","1.00189208984375","0.5469913557171822","0.0628814697265625"
"p4_c_other_plus_current_detached","12000","0.4","0.8779296875","0.13684873236343265","36.98353278252828","0.79095458984375","0.5469913557171822","0.0628814697265625"
"p4_c_other_plus_current_detached","12000","0.5","0.8406829833984375","0.13737281411886215","36.91262388673292","0.588043212890625","0.5469913557171822","0.0628814697265625"
"p4_c_other_plus_current_detached","12000","0.6","0.6826019287109375","0.13554087094962597","36.61822044076511","0.2728118896484375","0.5469913557171822","0.0628814697265625"
"p4_c_other_plus_current_detached","12000","0.7","0.45709228515625","0.13149476516991854","38.04050412974516","0.0809478759765625","0.5469913557171822","0.0628814697265625"
"p4_c_other_plus_current_detached","15000","0.3","0.8833160400390625","0.12900828523561358","37.63977620618442","1.0072021484375","0.5566217452287674","0.063262939453125"
"p4_c_other_plus_current_detached","15000","0.4","0.8793487548828125","0.12877420289441943","37.56082491286844","0.9125213623046875","0.5566217452287674","0.063262939453125"
"p4_c_other_plus_current_detached","15000","0.5","0.835418701171875","0.12996487878262997","37.516766010528514","0.5764617919921875","0.5566217452287674","0.063262939453125"
"p4_c_other_plus_current_detached","15000","0.6","0.6791534423828125","0.13218786800280213","38.095051273882206","0.2748870849609375","0.5566217452287674","0.063262939453125"
"p4_c_other_plus_current_detached","15000","0.7","0.5106353759765625","0.12590140709653497","40.744941100692515","0.0997161865234375","0.5566217452287674","0.063262939453125"
"p4_c_other_plus_current_detached","18000","0.3","0.8999481201171875","0.1300709811039269","36.50489902528961","1.0082244873046875","0.5532280243933201","0.06304931640625"
"p4_c_other_plus_current_detached","18000","0.4","0.8973388671875","0.12971985759213567","36.48465063587888","0.9658660888671875","0.5532280243933201","0.06304931640625"
"p4_c_other_plus_current_detached","18000","0.5","0.847381591796875","0.13279579114168882","36.216258435181146","0.587188720703125","0.5532280243933201","0.06304931640625"
"p4_c_other_plus_current_detached","18000","0.6","0.6400604248046875","0.1326708234846592","36.70491820307479","0.20184326171875","0.5532280243933201","0.06304931640625"
"p4_c_other_plus_current_detached","18000","0.7","0.50018310546875","0.12141768913716078","41.88097976025896","0.080718994140625","0.5532280243933201","0.06304931640625"
"p4_c_other_plus_current_detached","20000","0.3","0.910888671875","0.13029657443985343","36.4448348788305","1.005096435546875","0.5421695187687874","0.0629119873046875"
"p4_c_other_plus_current_detached","20000","0.4","0.90679931640625","0.13079436914995313","36.241191949712","0.9362335205078125","0.5421695187687874","0.0629119873046875"
"p4_c_other_plus_current_detached","20000","0.5","0.8489837646484375","0.1250879019498825","36.535084170110686","0.5287933349609375","0.5421695187687874","0.0629119873046875"
"p4_c_other_plus_current_detached","20000","0.6","0.6366119384765625","0.12762016570195556","37.964217838550965","0.1923065185546875","0.5421695187687874","0.0629119873046875"
"p4_c_other_plus_current_detached","20000","0.7","0.4980926513671875","0.12243973324075341","41.59232270779001","0.07940673828125","0.5421695187687874","0.0629119873046875"
